ply_file,plane_id,color_name,color_r,color_g,color_b,normal_x,normal_y,normal_z,distance,inlier_count,inlier_ratio,rmse,score,estimated_trials,configured_max_trials
a127.ply,0,rouge,1.0,0.0,0.0,-0.00037039306720246923,0.0004448883612273315,0.9999998324416468,0.9258504463474291,1934478,0.18906772474123718,0.02974012873824504,0.5125992005885367,680,1000
a127.ply,1,vert,0.0,1.0,0.0,-0.002323696920578848,-0.002495639735651195,0.9999941860905648,-2.1988180053684476,1826349,0.1784996521094754,0.05043330347374151,0.5056728872475513,808,1000
a127.ply,2,bleu,0.0,0.0,1.0,-0.00038260001548937674,0.0009085365011470237,0.9999995140892092,-1.866625148944211,1337330,0.13070499655627962,0.06576523420554935,0.4765623092523239,2061,1000
a127.ply,3,jaune,1.0,1.0,0.0,0.030802384341618888,0.0020702847889182054,0.9995233499222337,0.6449731465129861,1137041,0.11112959403389497,0.07704483748669957,0.46449793513927645,3354,1000
a127.ply,4,magenta,1.0,0.0,1.0,-0.6140744475368027,0.7892476203865615,-0.0008755549787849514,-9.662048829876447,953100,0.09315197611493807,0.038815447598251916,0.45479298439463134,5696,1000
a127.ply,5,cyan,0.0,1.0,1.0,-0.6130616429862145,0.7898410311272898,-0.017509067560069886,-14.740885554433088,768923,0.07515129255086195,0.04714951386299924,0.44375677941782543,10848,1000
